epoch,loss,iou,val_loss,val_iou
0,0.469202721118927,0.05898739685067546,0.43365688488735415,1.0513350971108127e-10
